{
  "title": "JSON-Processing With Java EE",
  "chapters": [
    "Introduction",
    "1. JSON and Java",
    "2. JSON-Processing API features",
    "3. The Java EE JSON Object model",
    "4. The Java EE JSON Streaming model",
    "Conclusion"
  ],
  "released": true,
  "length": 90,
  "sourceCode": {
    "repositoryName": "JSON-Processing-with-Java-EE",
    "url": "github.com/readlearncode"
  },
  "complementaryCourse": [
    {
      "title": "RESTful Service with JAX-RS 2.0",
      "length": 120
    },
    {
      "title": "Java Enterprise Edition Introduction",
      "length": 130
    }
  ],
  "notes": null
}